Year,Country Code,Country,Emissions_Per_Capita,Emissions
2020,4,Afghanistan,,0.006516126
2020,4,Afghanistan,,0.006516126
2020,4,Afghanistan,,0.006516126
2020,4,Afghanistan,,0.006516126
2020,4,Afghanistan,,0.006516126
2020,4,Afghanistan,,0.006516126
2020,4,Afghanistan,0.018,0.006516126
2020,4,Afghanistan,0,0.006516126
2020,4,Afghanistan,0,0.006516126
2020,4,Afghanistan,0,0.006516126
2020,4,Afghanistan,0,0.002469161
2020,4,Afghanistan,0,0.001198721
2020,4,Afghanistan,0.011,0.001147494
2020,4,Afghanistan,0.011,0.000276628
2020,4,Afghanistan,0.011,0.000122946
2020,4,Afghanistan,0.011,7.17E-05
2020,4,Afghanistan,0.022,0.006190886
2020,4,Afghanistan,0.022,0.002660462
2020,4,Afghanistan,0.022,0.001132973
2020,4,Afghanistan,0.022,0.001102625
2020,4,Afghanistan,0.043,0.000384401
2020,4,Afghanistan,0.061,0.000141622
2020,4,Afghanistan,0.065,7.08E-05
2020,4,Afghanistan,0.054,0.00724312
2020,4,Afghanistan,0.054,0.002489282
2020,4,Afghanistan,,0.001063131
2020,4,Afghanistan,,0.000993984
2020,4,Afghanistan,,0.00031116
2020,4,Afghanistan,,0.00012965
2020,4,Afghanistan,,6.91E-05
2020,4,Afghanistan,,0.007179803
2020,4,Afghanistan,,0.002390491
2020,4,Afghanistan,0.24,0.001174423
2020,4,Afghanistan,0.294,0.000999509
2020,4,Afghanistan,0.287,0.000408133
2020,4,Afghanistan,0.265,0.000133268
2020,4,Afghanistan,0.445,5.00E-05
2020,4,Afghanistan,0.423,0.007166427
2020,4,Afghanistan,0.556,0.002449377
2020,4,Afghanistan,0.638,0.001184714
2020,4,Afghanistan,0.588,0.001046618
2020,4,Afghanistan,0.663,0.00023985
2020,4,Afghanistan,0.8,0.000101755
2020,4,Afghanistan,0.721,9.45E-05
2020,4,Afghanistan,0.828,4.36E-05
2020,4,Afghanistan,0.75,0.007988785
2020,4,Afghanistan,0.904,0.002388182
2020,4,Afghanistan,0.9,0.001380778
2020,4,Afghanistan,0.918,0.001091941
2020,4,Afghanistan,0.968,0.000422687
2020,4,Afghanistan,1.069,7.04E-05
2020,4,Afghanistan,1.244,4.23E-05
2020,4,Afghanistan,1.255,3.52E-05
2020,4,Afghanistan,1.162,0.008241401
2020,4,Afghanistan,1.388,0.002406723
2020,4,Afghanistan,1.356,0.001496071
2020,4,Afghanistan,1.395,0.001086278
2020,4,Afghanistan,1.295,0.000318728
2020,4,Afghanistan,1.155,7.16E-05
2020,4,Afghanistan,1.37,6.50E-05
2020,4,Afghanistan,1.366,5.20E-05
2020,4,Afghanistan,1.513,0.009039904
2020,4,Afghanistan,1.901,0.002174724
2020,4,Afghanistan,1.919,0.001750074
2020,4,Afghanistan,2.428,0.001145269
2020,4,Afghanistan,2.636,0.000321705
2020,4,Afghanistan,2.335,9.65E-05
2020,4,Afghanistan,3.389,6.43E-05
2020,4,Afghanistan,4.085,5.15E-05
2020,4,Afghanistan,3.608,0.009749429
2020,4,Afghanistan,3.364,0.002132523
2020,4,Afghanistan,2.747,0.001968888
2020,4,Afghanistan,5.01,0.001129604
2020,4,Afghanistan,5.612,0.000406446
2020,4,Afghanistan,4.992,0.000137242
2020,4,Afghanistan,3.923,9.50E-05
2020,4,Afghanistan,6.932,6.33E-05
2020,4,Afghanistan,7.872,0.010088839
2020,4,Afghanistan,8.958,0.002182656
2020,4,Afghanistan,6.251,0.0019924
2020,4,Afghanistan,6.982,0.000998843
2020,4,Afghanistan,8.93,0.000391081
2020,4,Afghanistan,10.181,8.98E-05
2020,4,Afghanistan,8.008,6.34E-05
2020,4,Afghanistan,8.636,4.76E-05
2020,4,Afghanistan,9.64,0.011464785
2020,4,Afghanistan,11.397,0.002271138
2020,4,Afghanistan,11.967,0.001943856
2020,4,Afghanistan,11.343,0.001071104
2020,4,Afghanistan,12.731,0.000267776
2020,4,Afghanistan,14.463,0.000119012
2020,4,Afghanistan,14.732,8.93E-05
2020,4,Afghanistan,15.284,5.45E-05
2020,4,Afghanistan,15.492,0.012296062
2020,4,Afghanistan,15.872,0.002879425
2020,4,Afghanistan,16.242,0.001887397
2020,4,Afghanistan,16.414,0.00121587
2020,4,Afghanistan,16.181,0.000396811
2020,4,Afghanistan,16.697,7.63E-05
2020,4,Afghanistan,16.715,7.12E-05
2020,4,Afghanistan,17.529,6.10E-05
2020,4,Afghanistan,17.483,0.01305382
2020,4,Afghanistan,19.043,0.002783274
2020,4,Afghanistan,18.318,0.002022986
2020,4,Afghanistan,18.82,0.001133762
2020,4,Afghanistan,18.53,0.000369028
2020,4,Afghanistan,16.963,9.34E-05
2020,4,Afghanistan,17.483,7.11E-05
2020,4,Afghanistan,17.927,6.22E-05
2020,4,Afghanistan,16.414,0.014425126
2020,4,Afghanistan,16.321,0.00364513
2020,4,Afghanistan,15.865,0.001718228
2020,4,Afghanistan,16.532,0.00132308
2020,4,Afghanistan,15.819,0.000364069
2020,4,Afghanistan,16.97,0.000124316
2020,4,Afghanistan,15.948,0.000106557
2020,4,Afghanistan,15.535,6.66E-05
2020,4,Afghanistan,15.044,0.015578119
2020,4,Afghanistan,14.585,0.004458156
2020,4,Afghanistan,12.968,0.001771397
2020,4,Afghanistan,13.8,0.001262862
2020,4,Afghanistan,9.919,0.000398352
2020,4,Afghanistan,10.178,0.00015256
2020,4,Afghanistan,8.542,7.63E-05
2020,4,Afghanistan,8.316,4.24E-05
2020,4,Afghanistan,7.653,0.016280397
2020,4,Afghanistan,7.513,0.004560777
2020,4,Afghanistan,6.735,0.001744184
2020,4,Afghanistan,7.61,0.00141639
2020,4,Afghanistan,6.624,0.000388496
2020,4,Afghanistan,7.402,0.000141639
2020,4,Afghanistan,7.373,7.69E-05
2020,4,Afghanistan,7.115,5.26E-05
2020,4,Afghanistan,6.548,0.017429056
2020,4,Afghanistan,7.262,0.005420785
2020,4,Afghanistan,6.57,0.00145639
2020,4,Afghanistan,5.849,0.001357181
2020,4,Afghanistan,6.706,0.00041271
2020,4,Afghanistan,6.021,0.000146829
2020,4,Afghanistan,5.379,7.14E-05
2020,4,Afghanistan,4.988,3.57E-05
2020,4,Afghanistan,4.863,0.018201591
2020,4,Afghanistan,4.827,0.005928909
2020,4,Afghanistan,5.082,0.0014782
2020,4,Afghanistan,3.712,0.001425838
2020,4,Afghanistan,3.364,0.000326251
2020,4,Afghanistan,3.672,0.000197362
2020,4,Afghanistan,3.78,9.26E-05
2020,4,Afghanistan,3.138,3.63E-05
2020,4,Afghanistan,2.822,0.019077426
2020,4,Afghanistan,3.03,0.006095292
2020,4,Afghanistan,2.697,0.001535678
2020,4,Afghanistan,2.679,0.001353294
2020,4,Afghanistan,2.446,0.000372065
2020,4,Afghanistan,2.704,0.000171441
2020,4,Afghanistan,2.7,7.66E-05
2020,4,Afghanistan,2.668,4.74E-05
2020,4,Afghanistan,2.249,0.020396784
2020,4,Afghanistan,2.012,0.006816437
2020,4,Afghanistan,2.417,0.001656633
2020,4,Afghanistan,1.983,0.001317225
2020,4,Afghanistan,1.603,0.000395976
2020,4,Afghanistan,1.359,0.000226272
2020,4,Afghanistan,1.284,5.66E-05
2020,4,Afghanistan,1.27,4.44E-05
2020,4,Afghanistan,1.417,0.019960664
2020,4,Afghanistan,1.094,0.00783888
2020,4,Afghanistan,1.234,0.002089529
2020,4,Afghanistan,1.234,0.001186374
2020,4,Afghanistan,1.872,0.000396507
2020,4,Afghanistan,1.85,0.000280072
2020,4,Afghanistan,1.894,8.18E-05
2020,4,Afghanistan,1.772,7.24E-05
2020,4,Afghanistan,1.922,0.020638629
2020,4,Afghanistan,1.944,0.008547311
2020,4,Afghanistan,1.944,0.001864439
2020,4,Afghanistan,1.183,0.001246893
2020,4,Afghanistan,0.911,0.000338274
2020,4,Afghanistan,1.201,0.000267472
2020,4,Afghanistan,1.524,8.26E-05
2020,4,Afghanistan,1.23,3.15E-05
2020,4,Afghanistan,1.28,0.0212854
2020,4,Afghanistan,1.445,0.009656373
2020,4,Afghanistan,1.689,0.002068968
2020,4,Afghanistan,1.843,0.001073723
2020,4,Afghanistan,1.327,0.000324614
2020,4,Afghanistan,1.018,0.000303211
2020,4,Afghanistan,0.893,7.49E-05
2020,4,Afghanistan,0.681,3.21E-05
2020,4,Afghanistan,0.585,0.022031071
2020,4,Afghanistan,0.452,0.011064062
2020,4,Afghanistan,0.466,0.002142359
2020,4,Afghanistan,0.57,0.000887857
2020,4,Afghanistan,0.531,0.000323511
2020,4,Afghanistan,0.577,0.00028397
2020,4,Afghanistan,0.914,7.55E-05
2020,4,Afghanistan,1.191,5.75E-05
2020,4,Afghanistan,1.162,0.022185899
2020,4,Afghanistan,1.079,0.0118897
2020,4,Afghanistan,1.018,0.002417606
2020,4,Afghanistan,1.14,0.001005341
2020,4,Afghanistan,1.209,0.000424022
2020,4,Afghanistan,1.14,0.000345372
2020,4,Afghanistan,0.997,7.86E-05
2020,4,Afghanistan,1.058,5.47E-05
2020,4,Afghanistan,1.115,0.021980185
2020,4,Afghanistan,1.076,0.012705328
2020,4,Afghanistan,0.993,0.002604318
2020,4,Afghanistan,0.997,0.001003647
2020,4,Afghanistan,1.176,0.000390486
2020,4,Afghanistan,1.083,0.000342079
2020,4,Afghanistan,1.008,5.81E-05
2020,4,Afghanistan,1.04,5.49E-05
2020,4,Afghanistan,1.069,0.022894261
2020,4,Afghanistan,1.087,0.013801641
2020,4,Afghanistan,0.979,0.00275969
2020,4,Afghanistan,0.656,0.000829502
2020,4,Afghanistan,0.592,0.000500892
2020,4,Afghanistan,0.567,0.000312659
2020,4,Afghanistan,0.441,7.98E-05
2020,4,Afghanistan,0.412,5.74E-05
2020,4,Afghanistan,0.373,0.022460755
2020,4,Afghanistan,0.377,0.014719959
2020,4,Afghanistan,0.409,0.003016895
2020,4,Afghanistan,0.656,0.000844612
2020,4,Afghanistan,0.832,0.000524549
2020,4,Afghanistan,1.004,0.000302282
2020,4,Afghanistan,1.187,6.22E-05
2020,4,Afghanistan,1.445,5.04E-05
2020,4,Afghanistan,1.456,0.023803144
2020,4,Afghanistan,1.642,0.01608595
2020,4,Afghanistan,1.607,0.00318165
2020,4,Afghanistan,1.585,0.000733359
2020,4,Afghanistan,1.599,0.000578225
2020,4,Afghanistan,1.47,0.000262317
2020,4,Afghanistan,1.363,7.05E-05
2020,4,Afghanistan,1.571,4.80E-05
2020,4,Afghanistan,1.438,0.025129178
2020,4,Afghanistan,1.495,0.016987324
2020,4,Afghanistan,1.603,0.002939435
2020,4,Afghanistan,1.366,0.000736217
2020,4,Afghanistan,1.427,0.000632984
2020,4,Afghanistan,1.675,0.00028525
2020,4,Afghanistan,1.65,7.06E-05
2020,4,Afghanistan,1.729,4.89E-05
2020,4,Afghanistan,1.65,0.02497819
2020,4,Afghanistan,1.707,0.017443496
2020,4,Afghanistan,2.048,0.003310879
2020,4,Afghanistan,2.277,0.000753231
2020,4,Afghanistan,2.302,0.000662653
2020,4,Afghanistan,2.32,0.000326559
2020,4,Afghanistan,2.356,7.87E-05
2020,4,Afghanistan,2.396,6.67E-05
2020,4,Afghanistan,2.496,0.026712719
2020,4,Afghanistan,2.496,0.020074149
2020,4,Afghanistan,2.399,0.003295519
2020,4,Afghanistan,2.392,0.000735607
2020,4,Afghanistan,2.299,0.000633754
2020,4,Afghanistan,2.18,0.000294243
2020,4,Afghanistan,2.36,8.15E-05
2020,4,Afghanistan,2.381,4.75E-05
2020,4,Afghanistan,2.636,0.027497494
2020,4,Afghanistan,2.851,0.021552459
2020,4,Afghanistan,3.084,0.003427599
2020,4,Afghanistan,3.565,0.00085903
2020,4,Afghanistan,3.593,0.000528372
2020,4,Afghanistan,3.877,0.000322136
2020,4,Afghanistan,3.966,6.14E-05
2020,4,Afghanistan,4.178,5.45E-05
2020,4,Afghanistan,4.454,0.028842395
2020,4,Afghanistan,5.139,0.022406337
2020,4,Afghanistan,5.286,0.003418822
2020,4,Afghanistan,5.265,0.000897842
2020,4,Afghanistan,5.257,0.000528322
2020,4,Afghanistan,5.684,0.000363412
2020,4,Afghanistan,5.917,6.41E-05
2020,4,Afghanistan,5.878,3.82E-05
2020,4,Afghanistan,5.336,0.029149845
2020,4,Afghanistan,5.006,0.023577468
2020,4,Afghanistan,5.247,0.003681861
2020,4,Afghanistan,5.412,0.000823492
2020,4,Afghanistan,5.415,0.000470746
2020,4,Afghanistan,5.161,0.000274916
2020,4,Afghanistan,5.343,7.78E-05
2020,4,Afghanistan,5.53,5.27E-05
2020,4,Afghanistan,5.555,0.030146052
2020,4,Afghanistan,6.007,0.024567284
2020,4,Afghanistan,6.046,0.004084455
2020,4,Afghanistan,5.874,0.000874124
2020,4,Afghanistan,5.914,0.00040239
2020,4,Afghanistan,5.594,0.000283236
2020,4,Afghanistan,5.361,0.000103528
2020,4,Afghanistan,5.157,5.37E-05
2020,4,Afghanistan,4.701,0.030082674
2020,4,Afghanistan,4.92,0.025250804
2020,4,Afghanistan,4.834,0.004730554
2020,4,Afghanistan,4.795,0.0009929
2020,4,Afghanistan,4.974,0.000387765
2020,4,Afghanistan,5.196,0.000273554
2020,4,Afghanistan,5.845,8.29E-05
2020,4,Afghanistan,5.681,4.88E-05
2020,4,Afghanistan,5.039,0.030478721
2020,4,Afghanistan,5.035,0.025676736
2020,4,Afghanistan,4.902,0.00590815
2020,4,Afghanistan,5.128,0.001282368
2020,4,Afghanistan,4.996,0.000396012
2020,4,Afghanistan,4.691,0.000258965
2020,4,Afghanistan,4.705,7.92E-05
2020,4,Afghanistan,4.766,4.89E-05
2020,4,Afghanistan,4.515,4.45E-06
2020,4,Afghanistan,4.519,0.030065795
2021,4,Afghanistan,3.489,0.026642536
2021,4,Afghanistan,3.292,0.007320585
2021,4,Afghanistan,2.948,0.001463784
2021,4,Afghanistan,3.088,0.000330183
2021,4,Afghanistan,3.235,0.000267806
2021,4,Afghanistan,3.098,7.65E-05
2021,4,Afghanistan,2.779,4.66E-05
2021,4,Afghanistan,3.145,0.028693653
2021,4,Afghanistan,2.937,0.027015707
2021,4,Afghanistan,2.919,0.008604265
2021,4,Afghanistan,2.797,0.001825225
2021,4,Afghanistan,2.256,0.000322649
2021,4,Afghanistan,2.055,0.000240072
2021,4,Afghanistan,2.098,5.96E-05
2021,4,Afghanistan,2.037,3.41E-05
2021,4,Afghanistan,1.79,0.029456496
2021,4,Afghanistan,1.929,0.028212965
2021,4,Afghanistan,1.775,0.011267341
2021,4,Afghanistan,1.879,0.002011193
2021,4,Afghanistan,1.998,0.000304653
2021,4,Afghanistan,2.109,0.000280538
2021,4,Afghanistan,2.252,6.59E-05
2021,4,Afghanistan,2.338,3.46E-05
2021,4,Afghanistan,2.227,0.030541205
2021,4,Afghanistan,2.191,0.027209125
2021,4,Afghanistan,2.188,0.013782341
2021,4,Afghanistan,2.184,0.002642846
2021,4,Afghanistan,2.066,0.000306326
2021,4,Afghanistan,1.75,0.00028679
2021,4,Afghanistan,1.635,7.35E-05
2021,4,Afghanistan,1.61,3.75E-05
2021,4,Afghanistan,1.535,0.030228507
2021,4,Afghanistan,1.388,0.026057068
2021,4,Afghanistan,1.33,0.01674748
2021,4,Afghanistan,1.148,0.003127778
2021,4,Afghanistan,1.219,0.000292578
2021,4,Afghanistan,1.169,0.00027334
2021,4,Afghanistan,1.155,5.69E-05
2021,4,Afghanistan,1.119,3.21E-05
2021,4,Afghanistan,1.076,0.031175744
2021,4,Afghanistan,0.943,0.025145
2021,4,Afghanistan,0.818,0.020751891
2021,4,Afghanistan,0.678,0.003832592
2021,4,Afghanistan,0.646,0.000337747
2021,4,Afghanistan,0.513,0.000289041
2021,4,Afghanistan,0.563,9.42E-05
2021,4,Afghanistan,0.556,4.15E-05
2021,4,Afghanistan,0.481,0.030867875
2021,4,Afghanistan,0.495,0.024073948
2021,4,Afghanistan,0.491,0.02361783
2021,4,Afghanistan,0.466,0.005370004
2021,4,Afghanistan,0.384,0.000350385
2021,4,Afghanistan,0.402,0.000263175
2021,4,Afghanistan,0.369,9.65E-05
2021,4,Afghanistan,0.459,3.16E-05
2021,4,Afghanistan,0.445,0.030538872
2021,4,Afghanistan,0.441,0.025982427
2021,4,Afghanistan,0.434,0.023093379
2021,4,Afghanistan,0.455,0.006409109
2021,4,Afghanistan,0.394,0.000346781
2021,4,Afghanistan,0.416,0.000245438
2021,4,Afghanistan,0.405,6.49E-05
2021,4,Afghanistan,0.38,2.69E-05
2021,4,Afghanistan,0.341,0.029764648
2021,4,Afghanistan,0.47,0.026793386
2021,4,Afghanistan,0.477,0.021854832
2021,4,Afghanistan,0.477,0.006983076
2021,4,Afghanistan,0.513,0.000389394
2021,4,Afghanistan,0.42,0.000252009
2021,4,Afghanistan,0.445,9.43E-05
2021,4,Afghanistan,0.509,2.85E-05
2021,4,Afghanistan,0.473,0.0291075
2021,4,Afghanistan,0.427,0.028650509
2021,4,Afghanistan,0.495,0.020476435
2021,4,Afghanistan,0.391,0.008535623
2021,4,Afghanistan,0.427,0.000417358
2021,4,Afghanistan,0.438,0.000189267
2021,4,Afghanistan,0.455,7.36E-05
2021,4,Afghanistan,0.394,3.15E-05
2021,4,Afghanistan,0.481,0.030181071
2021,4,Afghanistan,0.423,0.028215178
2021,4,Afghanistan,0.602,0.019187124
2021,4,Afghanistan,0.653,0.010316342
2021,4,Afghanistan,0.631,0.000463449
2021,4,Afghanistan,0.653,0.000206628
2021,4,Afghanistan,0.663,0.000108752
2021,4,Afghanistan,0.706,3.01E-05
2021,4,Afghanistan,0.685,0.031680002
2021,4,Afghanistan,0.606,0.027194399
2021,4,Afghanistan,0.742,0.018128159
2021,4,Afghanistan,0.94,0.011772115
2021,4,Afghanistan,1.044,0.000439748
2021,4,Afghanistan,1.14,0.000180565
2021,4,Afghanistan,1.094,0.000139095
2021,4,Afghanistan,1.37,3.63E-05
2021,4,Afghanistan,1.417,0.032785353
2021,4,Afghanistan,1.417,0.026067781
2021,4,Afghanistan,1.503,0.017073865
2021,4,Afghanistan,1.528,0.013502877
2021,4,Afghanistan,1.603,0.000422688
2021,4,Afghanistan,1.969,0.000168046
2021,4,Afghanistan,1.736,0.000141468
2021,4,Afghanistan,1.883,3.26E-05
2021,4,Afghanistan,2.098,0.032714036
2021,4,Afghanistan,2.22,0.024032158
2021,4,Afghanistan,2.119,0.015999993
2021,4,Afghanistan,2.127,0.014922574
2021,4,Afghanistan,2.069,0.000483887
2021,4,Afghanistan,2.27,0.000189387
2021,4,Afghanistan,2.353,0.000143173
2021,4,Afghanistan,2.414,3.53E-05
2021,4,Afghanistan,2.589,0.031108323
2021,4,Afghanistan,2.79,0.022571637
2021,4,Afghanistan,3.335,0.016264271
2021,4,Afghanistan,3.618,0.014803371
2021,4,Afghanistan,3.765,0.000699714
2021,4,Afghanistan,4.006,0.000192557
2021,4,Afghanistan,4.26,0.000188037
2021,4,Afghanistan,4.146,3.98E-05
2021,4,Afghanistan,4.533,0.030143499
2021,4,Afghanistan,4.314,0.021083047
2021,4,Afghanistan,4.336,0.017808243
2021,4,Afghanistan,4.587,0.014002777
2021,4,Afghanistan,4.608,0.000751532
2021,4,Afghanistan,4.798,0.000232344
2021,4,Afghanistan,5.117,0.000190273
2021,4,Afghanistan,5.688,4.11E-05
2021,4,Afghanistan,6.132,0.028718117
2021,4,Afghanistan,6.513,0.019664121
2021,4,Afghanistan,6.168,0.019264
2021,4,Afghanistan,6.322,0.013028404
2021,4,Afghanistan,6.599,0.00092499
2021,4,Afghanistan,6.889,0.000258738
2021,4,Afghanistan,6.753,0.000174648
2021,4,Afghanistan,6.814,4.25E-05
2021,4,Afghanistan,5.942,0.026385945
2021,4,Afghanistan,5.889,0.021051334
2021,4,Afghanistan,5.505,0.017852591
2021,4,Afghanistan,5.078,0.011758784
2021,4,Afghanistan,5.035,0.001101523
2021,4,Afghanistan,5.487,0.000256746
2021,4,Afghanistan,6.186,0.00019417
2021,4,Afghanistan,7.438,4.33E-05
2021,4,Afghanistan,8.047,0.024004366
2021,4,Afghanistan,9.6,0.022193574
2021,4,Afghanistan,11.06,0.016398296
2021,4,Afghanistan,12.986,0.011352952
2021,4,Afghanistan,13.595,0.002263722
2021,4,Afghanistan,14.524,0.000277512
2021,4,Afghanistan,16.586,0.000178202
2021,4,Afghanistan,18.049,3.99E-05
2021,4,Afghanistan,19.95,0.024359117
2021,4,Afghanistan,21.782,0.022989445
2021,4,Afghanistan,22.532,0.015040986
2021,4,Afghanistan,24.217,0.010394627
2021,4,Afghanistan,26.889,0.003975591
2021,4,Afghanistan,28.159,0.000293177
2021,4,Afghanistan,30.35,0.00015975
2021,4,Afghanistan,32.286,6.54E-05
2021,4,Afghanistan,33.527,0.024142907
2021,4,Afghanistan,35.948,0.022344127
2021,4,Afghanistan,38.634,0.014323653
2021,4,Afghanistan,39.764,0.009491566
2021,4,Afghanistan,38.648,0.006174381
2021,4,Afghanistan,38.146,0.00035923
2021,4,Afghanistan,38.075,0.000168225
2021,4,Afghanistan,39.254,4.38E-05
2021,4,Afghanistan,33.129,6.13E-06
2021,4,Afghanistan,38.153,0.026194165
2021,4,Afghanistan,39.513,0.020845808
2021,4,Afghanistan,42.249,0.013377508
2021,4,Afghanistan,43.196,0.00944803
2021,4,Afghanistan,44.626,0.009186124
2021,4,Afghanistan,44.745,0.000390655
2021,4,Afghanistan,52.606,0.00016314
2021,4,Afghanistan,46.624,6.79E-05
2021,4,Afghanistan,46.111,0.027650413
2021,4,Afghanistan,45.197,0.018687585
2021,4,Afghanistan,44.16,0.01555013
2021,4,Afghanistan,42.493,0.012592151
2021,4,Afghanistan,40.915,0.008636045
2021,4,Afghanistan,38.379,0.00039705
2021,4,Afghanistan,38.315,0.000184556
2021,4,Afghanistan,37.884,5.16E-05
2021,4,Afghanistan,37.156,0.029620134
2021,4,Afghanistan,37.755,0.019035839
2021,4,Afghanistan,36.529,0.016776261
2021,4,Afghanistan,36.959,0.011687997
2021,4,Afghanistan,37.16,0.00793782
2021,4,Afghanistan,35.492,0.000488037
2021,4,Afghanistan,33.818,0.000179
2021,4,Afghanistan,33.323,6.50E-05
2021,4,Afghanistan,31.666,4.82E-06
2021,4,Afghanistan,31.257,0.028376721
2021,4,Afghanistan,30.214,0.022735756
2021,4,Afghanistan,27.334,0.015574328
2021,4,Afghanistan,27.757,0.010811549
2021,4,Afghanistan,26.771,0.007201706
2021,4,Afghanistan,26.706,0.000486203
2021,4,Afghanistan,25.189,0.000212175
2021,4,Afghanistan,24.551,9.13E-05
2021,4,Afghanistan,23.4,5.75E-06
2021,4,Afghanistan,21.944,0.027605389
2021,4,Afghanistan,19.114,0.026781129
2021,4,Afghanistan,15.736,0.0150464
2021,4,Afghanistan,12.344,0.010301506
2021,4,Afghanistan,11.723,0.006827491
2021,4,Afghanistan,9.991,0.000549042
2021,4,Afghanistan,9.303,0.000197878
2021,4,Afghanistan,10.005,8.43E-05
2021,4,Afghanistan,10.088,6.97E-06
2021,4,Afghanistan,11.06,0.028110498
2021,4,Afghanistan,12.509,0.026984205
2021,4,Afghanistan,13.018,0.014458856
2021,4,Afghanistan,13.269,0.009790483
2021,4,Afghanistan,12.781,0.006361838
2021,4,Afghanistan,12.125,0.000946262
2021,4,Afghanistan,12.068,0.000174177
2021,4,Afghanistan,11.788,9.07E-05
2021,4,Afghanistan,11.067,8.78E-06
2021,4,Afghanistan,10.604,0.030804182
2021,4,Afghanistan,10.016,0.026626034
2021,4,Afghanistan,8.754,0.013656986
2021,4,Afghanistan,8.456,0.009158643
2021,4,Afghanistan,7.897,0.006166185
2021,4,Afghanistan,7.029,0.001087626
2021,4,Afghanistan,6.1,0.000208016
2021,4,Afghanistan,5.648,9.81E-05
2021,4,Afghanistan,4.892,7.43E-06
2021,4,Afghanistan,4.411,0.032680423
2021,4,Afghanistan,3.844,0.028704185
2021,4,Afghanistan,3.041,0.012223227
2021,4,Afghanistan,2.431,0.007933875
2021,4,Afghanistan,1.994,0.005488486
2021,4,Afghanistan,1.714,0.001531469
2021,4,Afghanistan,1.582,0.000169888
2021,4,Afghanistan,1.495,0.000148807
2021,4,Afghanistan,1.287,4.34E-06
2021,4,Afghanistan,1.474,0.054836089
2021,4,Afghanistan,1.836,0.028206918
2021,4,Afghanistan,1.829,0.0104314
2021,4,Afghanistan,1.872,0.007014596
2021,4,Afghanistan,2.026,0.004938989
2021,4,Afghanistan,2.008,0.003211608
2021,4,Afghanistan,1.929,0.000236552
2021,4,Afghanistan,1.736,0.000170538
2021,4,Afghanistan,1.488,6.05E-06
2021,4,Afghanistan,1.391,0.055211591
2021,4,Afghanistan,1.399,0.026475005
2021,4,Afghanistan,1.384,0.009538692
2021,4,Afghanistan,1.456,0.006499532
2021,4,Afghanistan,1.707,0.006453623
2021,4,Afghanistan,1.915,0.004765903
2021,4,Afghanistan,2.105,0.0002766
2021,4,Afghanistan,2.105,0.000175601
2021,4,Afghanistan,2.033,7.46E-06
2021,4,Afghanistan,2.008,0.051842809
2021,4,Afghanistan,1.987,0.026395344
2021,4,Afghanistan,1.962,0.010941618
2021,4,Afghanistan,1.868,0.008513819
2021,4,Afghanistan,1.883,0.005927659
2021,4,Afghanistan,1.811,0.004391344
2021,4,Afghanistan,1.782,0.000231273
2021,4,Afghanistan,1.761,0.00018969
2021,4,Afghanistan,1.908,6.27E-06
2021,4,Afghanistan,1.7,0.045731962
2021,4,Afghanistan,1.574,0.027262137
2021,4,Afghanistan,1.696,0.016528865
2021,4,Afghanistan,1.696,0.007739964
2021,4,Afghanistan,1.696,0.005432301
2021,4,Afghanistan,1.746,0.00401382
2021,4,Afghanistan,1.366,0.000228549
2021,4,Afghanistan,1.33,0.000215473
2021,4,Afghanistan,1.341,8.53E-06
2021,4,Afghanistan,0.828,0.040043495
2021,4,Afghanistan,0.828,0.030559381
2021,4,Afghanistan,0.828,0.022768046
2021,4,Afghanistan,0.771,0.006942237
2021,4,Afghanistan,0.775,0.00491805
2021,4,Afghanistan,0.904,0.00376083
2021,4,Afghanistan,0.914,0.000252347
2021,4,Afghanistan,0.922,0.00022148
2021,4,Afghanistan,0.986,8.12E-06
2021,4,Afghanistan,1.137,0.035271759
2021,4,Afghanistan,0.907,0.027910596
2021,4,Afghanistan,1.04,0.026185701
2021,4,Afghanistan,0.886,0.006374383
2021,4,Afghanistan,0.907,0.004525417
2021,4,Afghanistan,0.861,0.003401423
2021,4,Afghanistan,0.979,0.000237626
2021,4,Afghanistan,0.918,0.000219752
2021,4,Afghanistan,0.846,1.26E-05
2021,4,Afghanistan,0.724,0.031757584
2021,4,Afghanistan,0.832,0.027056981
2021,4,Afghanistan,0.75,0.026440635
2021,4,Afghanistan,0.871,0.005892342
2021,4,Afghanistan,0.721,0.004226811
2021,4,Afghanistan,0.646,0.003172441
2021,4,Afghanistan,0.947,0.000256594
2021,4,Afghanistan,0.968,0.000221864
2021,4,Afghanistan,0.95,7.78E-06
2021,4,Afghanistan,0.986,0.027815789
2021,4,Afghanistan,0.95,0.027465649
2021,4,Afghanistan,0.968,0.024682111
2021,4,Afghanistan,1.097,0.005332477
2021,4,Afghanistan,0.875,0.003913832
2021,4,Afghanistan,0.846,0.002983977
2021,4,Afghanistan,0.714,0.000215007
2021,4,Afghanistan,0.706,0.000212998
2021,4,Afghanistan,0.703,1.05E-05
2021,4,Afghanistan,0.671,0.026099932
2021,4,Afghanistan,0.527,0.025583562
2021,4,Afghanistan,0.405,0.023054591
2021,4,Afghanistan,0.323,0.00495317
2021,4,Afghanistan,0.326,0.003612601
2021,4,Afghanistan,0.334,0.002791896
2021,4,Afghanistan,0.341,0.000225507
2021,4,Afghanistan,0.405,0.000192579
2021,4,Afghanistan,0.556,3.99E-06
2021,4,Afghanistan,0.764,0.023341087
2021,4,Afghanistan,0.904,0.023225515
2021,4,Afghanistan,1.166,0.021041795
2021,4,Afghanistan,1.015,0.004473785
2021,4,Afghanistan,1.166,0.003332152
2021,4,Afghanistan,1.27,0.002563455
2021,4,Afghanistan,1.234,0.000312237
2021,4,Afghanistan,1.079,0.000197152
2021,4,Afghanistan,1.313,1.21E-05
2021,4,Afghanistan,1.051,0.021213187
2021,4,Afghanistan,1.452,0.019101165
2021,4,Afghanistan,1.287,0.018725483
2021,4,Afghanistan,1.169,0.004040017
2021,4,Afghanistan,1.155,0.003051705
2021,4,Afghanistan,1.252,0.002390923
2021,4,Afghanistan,0.983,0.000317995
2021,4,Afghanistan,1.173,0.000226935
2021,4,Afghanistan,0.871,1.29E-05
2021,4,Afghanistan,0.864,0.02028948
2021,4,Afghanistan,0.864,0.018368909
2021,4,Afghanistan,0.846,0.015949552
2021,4,Afghanistan,0.857,0.003733152
2021,4,Afghanistan,0.785,0.00268231
2021,4,Afghanistan,0.656,0.002306525
2021,4,Afghanistan,0.71,0.00038547
2021,4,Afghanistan,0.685,0.000256173
2021,4,Afghanistan,0.646,1.84E-05
2021,4,Afghanistan,0.642,0.019441639
2021,4,Afghanistan,0.534,0.016945581
2021,4,Afghanistan,0.545,0.014218103
2021,4,Afghanistan,0.441,0.003520366
2021,4,Afghanistan,0.502,0.002520114
2021,4,Afghanistan,0.47,0.00210635
2021,4,Afghanistan,0.481,0.000412802
2021,4,Afghanistan,0.552,0.000251627
2021,4,Afghanistan,0.534,1.78E-05
2021,4,Afghanistan,0.559,0.017940027
2021,4,Afghanistan,0.631,0.015436577
2021,4,Afghanistan,0.549,0.012148967
2021,4,Afghanistan,0.549,0.003126548
2021,4,Afghanistan,0.538,0.002440948
2021,4,Afghanistan,0.588,0.001956316
2021,4,Afghanistan,0.61,0.000469727
2021,4,Afghanistan,0.653,0.00026924
2021,4,Afghanistan,0.703,2.74E-05
2021,4,Afghanistan,0.638,0.017133981
2021,4,Afghanistan,0.706,0.013903599
2022,4,Afghanistan,0.76,0.011603752
2022,4,Afghanistan,0.854,0.00268757
2022,4,Afghanistan,,0.002276247
2022,4,Afghanistan,,0.001856735
2022,4,Afghanistan,,0.000509097
2022,4,Afghanistan,,0.000322219
2022,4,Afghanistan,,3.85E-05
2022,4,Afghanistan,,0.015521322
2022,4,Afghanistan,,0.013092138
2022,4,Afghanistan,0.757,0.01129393
2022,4,Afghanistan,0.954,0.002350744
2022,4,Afghanistan,0.954,0.002010342
2022,4,Afghanistan,1.173,0.001769595
2022,4,Afghanistan,1.216,0.000467682
2022,4,Afghanistan,1.323,0.000427722
2022,4,Afghanistan,1.205,4.69E-05
2022,4,Afghanistan,1.549,0.013941918
2022,4,Afghanistan,1.804,0.012758754
2022,4,Afghanistan,2.005,0.010595154
2022,4,Afghanistan,2.514,0.002089653
2022,4,Afghanistan,3.145,0.001907047
2022,4,Afghanistan,3.12,0.001680173
2022,4,Afghanistan,3.342,0.000563915
2022,4,Afghanistan,3.837,0.000520653
2022,4,Afghanistan,4.583,5.43E-05
2022,4,Afghanistan,5.817,0.013328858
2022,4,Afghanistan,6.1,0.012075014
2022,4,Afghanistan,5.526,0.009864182
2022,4,Afghanistan,6.247,0.002077988
2022,4,Afghanistan,8.829,0.001806168
2022,4,Afghanistan,10.866,0.001581355
2022,4,Afghanistan,11.845,0.000651447
2022,4,Afghanistan,12.544,0.00059882
2022,4,Afghanistan,13.351,9.20E-05
2022,4,Afghanistan,15.424,0.012888118
2022,4,Afghanistan,15.855,0.010583131
2022,4,Afghanistan,14.632,0.009348551
2022,4,Afghanistan,14.338,0.001950921
2022,4,Afghanistan,15.005,0.001619839
2022,4,Afghanistan,15.636,0.001534469
2022,4,Afghanistan,16.93,0.000902951
2022,4,Afghanistan,16.432,0.000836734
2022,4,Afghanistan,15.926,0.000119299
2022,4,Afghanistan,15.826,0.011457915
2022,4,Afghanistan,15.499,0.009256332
2022,4,Afghanistan,13.208,0.008863294
2022,4,Afghanistan,10.647,0.001679241
2022,4,Afghanistan,7.979,0.001519178
2022,4,Afghanistan,6.875,0.001395
2022,4,Afghanistan,6.38,0.001326646
2022,4,Afghanistan,5.741,0.000948418
2022,4,Afghanistan,4.285,0.00014981
2022,4,Afghanistan,4.641,0.010337552
2022,4,Afghanistan,4.956,0.008159478
2022,4,Afghanistan,4.927,0.007688795
2022,4,Afghanistan,4.4,0.001551274
2022,4,Afghanistan,4.357,0.00148137
2022,4,Afghanistan,4.268,0.001349136
2022,4,Afghanistan,4.368,0.001254184
2022,4,Afghanistan,4.171,0.001025833
2022,4,Afghanistan,4.203,0.000224856
2022,4,Afghanistan,4.185,0.009246087
2022,4,Afghanistan,4.052,0.007186981
2022,4,Afghanistan,4.25,0.006649975
2022,4,Afghanistan,4.257,0.001421485
2022,4,Afghanistan,4.809,0.001248333
2022,4,Afghanistan,5.286,0.001219084
2022,4,Afghanistan,5.207,0.001100335
2020,12,Africa,,
2020,12,Africa,,
2020,12,Africa,,
2020,12,Africa,,
2020,12,Africa,,
2020,12,Africa,,
2020,12,Africa,0,0
2020,12,Africa,0,0
2020,12,Africa,0,0
2020,12,Africa,0,0
2020,12,Africa,0,0
2020,12,Africa,0,0
2020,12,Africa,0,0
2020,12,Africa,0,0
2020,12,Africa,0,0
2020,12,Africa,0,0
2020,12,Africa,0,0
2020,12,Africa,0,0
2020,12,Africa,0.001,0
2020,12,Africa,0.001,0
2020,12,Africa,0.002,0
2020,12,Africa,0.002,0
2020,12,Africa,0.004,0
2020,12,Africa,0.004,0
2020,12,Africa,0.008,0
2020,12,Africa,0.009,0
2020,12,Africa,0.01,0
2020,12,Africa,0.01,0
2020,12,Africa,0.011,0
2020,12,Africa,0.014,0.001
2020,12,Africa,0.022,0.001
2020,12,Africa,0.024,0.001
2020,12,Africa,0.033,0.001
2020,12,Africa,0.04,0.001
2020,12,Africa,0.051,0.002
2020,12,Africa,0.068,0.002
2020,12,Africa,0.083,0.002
2020,12,Africa,0.096,0.003
2020,12,Africa,0.116,0.004
2020,12,Africa,0.146,0.005
2020,12,Africa,0.183,0.005
2020,12,Africa,0.225,0.006
2020,12,Africa,0.261,0.007
2020,12,Africa,0.303,0.009
2020,12,Africa,0.317,0.01
2020,12,Africa,0.349,0.011
2020,12,Africa,0.35,0.012
2020,12,Africa,0.366,0.014
2020,12,Africa,0.374,0.017
2020,12,Africa,0.387,0.02
2020,12,Africa,0.419,0.022
2020,12,Africa,0.454,0.026
2020,12,Africa,0.466,0.03
2020,12,Africa,0.5,0.033
2020,12,Africa,0.504,0.035
2020,12,Africa,0.526,0.035
2020,12,Africa,0.54,0.036
2020,12,Africa,0.52,0.037
2020,12,Africa,0.524,0.037
2020,12,Africa,0.543,0.036
2020,12,Africa,0.549,0.036
2020,12,Africa,0.584,0.035
2020,12,Africa,0.601,0.035
2020,12,Africa,0.64,0.035
2020,12,Africa,0.714,0.034
2020,12,Africa,0.776,0.033
2020,12,Africa,0.81,0.035
2020,12,Africa,0.85,0.034
2020,12,Africa,0.861,0.033
2020,12,Africa,0.907,0.034
2020,12,Africa,0.935,0.035
2020,12,Africa,0.966,0.032
2020,12,Africa,0.959,0.033
2020,12,Africa,0.994,0.031
2020,12,Africa,1.012,0.031
2020,12,Africa,1.069,0.035
2020,12,Africa,1.133,0.036
2020,12,Africa,1.186,0.035
2020,12,Africa,1.187,0.038
2020,12,Africa,1.291,0.04
2020,12,Africa,1.298,0.039
2020,12,Africa,1.435,0.04
2020,12,Africa,1.479,0.04
2020,12,Africa,1.532,0.043
2020,12,Africa,1.589,0.046
2020,12,Africa,1.787,0.048
2020,12,Africa,1.852,0.048
2020,12,Africa,1.954,0.051
2020,12,Africa,1.997,0.052
2020,12,Africa,2.114,0.051
2020,12,Africa,2.153,0.051
2020,12,Africa,2.218,0.051
2020,12,Africa,2.146,0.049
2020,12,Africa,2.161,0.051
2020,12,Africa,2.237,0.049
2020,12,Africa,2.3,0.051
2020,12,Africa,2.305,0.053
2020,12,Africa,2.396,0.052
2020,12,Africa,2.571,0.055
2020,12,Africa,2.669,0.058
2020,12,Africa,2.759,0.057
2020,12,Africa,2.843,0.062
2020,12,Africa,2.891,0.067
2020,12,Africa,2.942,0.071
2020,12,Africa,3.076,0.074
2020,12,Africa,3.088,0.072
2020,12,Africa,3.283,0.077
2020,12,Africa,3.518,0.085
2020,12,Africa,3.635,0.09
2020,12,Africa,3.807,0.09
2020,12,Africa,3.928,0.094
2020,12,Africa,3.93,0.094
2020,12,Africa,4.158,0.1
2020,12,Africa,4.308,0.103
2020,12,Africa,4.358,0.103
2020,12,Africa,4.471,0.1
2020,12,Africa,4.561,0.106
2020,12,Africa,4.727,0.109
2020,12,Africa,4.877,0.113
2020,12,Africa,4.908,0.114
2020,12,Africa,5.001,0.118
2020,12,Africa,5.156,0.125
2020,12,Africa,5.41,0.132
2020,12,Africa,5.716,0.145
2020,12,Africa,5.838,0.154
2020,12,Africa,6.066,0.159
2020,12,Africa,6.152,0.163
2020,12,Africa,6.333,0.17
2020,12,Africa,6.672,0.173
2020,12,Africa,6.74,0.172
2020,12,Africa,6.677,0.164
2020,12,Africa,6.827,0.167
2020,12,Africa,7.098,0.17
2020,12,Africa,7.484,0.172
2020,12,Africa,7.67,0.166
2020,12,Africa,7.762,0.163
2020,12,Africa,7.884,0.161
2020,12,Africa,8.107,0.16
2020,12,Africa,8.37,0.159
2020,12,Africa,8.564,0.161
2020,12,Africa,8.799,0.164
2020,12,Africa,9.169,0.166
2020,12,Africa,9.507,0.166
2020,12,Africa,9.822,0.177
2020,12,Africa,10.094,0.18
2020,12,Africa,10.703,0.19
2020,12,Africa,10.862,0.19
2020,12,Africa,11.381,0.189
2020,12,Africa,11.645,0.196
2020,12,Africa,11.989,0.198
2020,12,Africa,12.309,0.195
2020,12,Africa,12.552,0.193
2020,12,Africa,12.238,0.186
2020,12,Africa,12.58,0.183
2020,12,Africa,12.711,0.198
2020,12,Africa,12.901,0.199
2020,12,Africa,12.925,0.204
2020,12,Africa,13.117,0.201
2020,12,Africa,13.059,0.204
2020,12,Africa,13,0.205
2020,12,Africa,13.164,0.256
2020,12,Africa,12.959,0.245
2020,12,Africa,13.225,0.253
2020,12,Africa,13.134,0.267
2020,12,Africa,13.107,0.27
2020,12,Africa,12.893,0.286
2020,12,Africa,12.854,0.287
2020,12,Africa,12.649,0.252
2020,12,Africa,12.539,0.271
2020,12,Africa,12.218,0.268
2020,12,Africa,12.091,0.255
2020,12,Africa,11.511,0.264
2020,12,Africa,11.241,0.255
2020,12,Africa,10.869,0.271
2020,12,Africa,10.632,0.289
2020,12,Africa,10.311,0.286
2020,12,Africa,9.737,0.294
2020,12,Africa,9.456,0.306
2020,12,Africa,9.417,0.309
2020,12,Africa,9.237,0.309
2020,12,Africa,9.024,0.288
2020,12,Africa,8.39,0.274
2020,12,Africa,7.981,0.272
2020,12,Africa,7.883,0.269
2020,12,Africa,7.632,0.251
2020,12,Africa,7.383,0.245
2020,12,Africa,7.354,0.239
2020,12,Africa,7.435,0.255
2020,12,Africa,7.605,0.246
2020,12,Africa,7.626,0.239
2020,12,Africa,7.39,0.232
2020,12,Africa,7.246,0.236
2020,12,Africa,7.152,0.224
2020,12,Africa,7.023,0.219
2020,12,Africa,6.907,0.206
2020,12,Africa,6.696,0.205
2020,12,Africa,6.481,0.196
2020,12,Africa,6.256,0.183
2020,12,Africa,6.041,0.189
2020,12,Africa,5.98,0.187
2020,12,Africa,5.897,0.188
2020,12,Africa,5.858,0.184
2020,12,Africa,5.843,0.178
2020,12,Africa,5.76,0.183
2020,12,Africa,5.809,0.183
2020,12,Africa,5.708,0.172
2020,12,Africa,5.64,0.179
2020,12,Africa,5.647,0.178
2020,12,Africa,5.7,0.176
2020,12,Africa,5.657,0.169
2020,12,Africa,5.688,0.16
2020,12,Africa,5.7,0.159
2020,12,Africa,5.702,0.151
2020,12,Africa,5.59,0.14
2020,12,Africa,5.549,0.136
2020,12,Africa,5.432,0.141
2020,12,Africa,5.332,0.139
2020,12,Africa,5.389,0.136
2020,12,Africa,5.334,0.132
2020,12,Africa,5.472,0.138
2020,12,Africa,5.646,0.139
2020,12,Africa,5.611,0.134
2020,12,Africa,5.64,0.13
2020,12,Africa,5.786,0.133
2020,12,Africa,5.743,0.133
2020,12,Africa,5.723,0.129
2020,12,Africa,5.482,0.125
2020,12,Africa,5.477,0.126
2020,12,Africa,5.427,0.143
2020,12,Africa,5.497,0.141
2020,12,Africa,5.466,0.139
2020,12,Africa,5.37,0.143
2020,12,Africa,5.461,0.142
2020,12,Africa,5.712,0.136
2020,12,Africa,5.683,0.14
2020,12,Africa,5.584,0.123
2020,12,Africa,5.488,0.12
2020,12,Africa,5.709,0.128
2020,12,Africa,6.088,0.137
2020,12,Africa,6.058,0.146
2020,12,Africa,6.547,0.163
2020,12,Africa,6.639,0.167
2020,12,Africa,6.761,0.173
2020,12,Africa,6.89,0.182
2020,12,Africa,6.99,0.181
2020,12,Africa,6.803,0.176
2020,12,Africa,7.023,0.173
2020,12,Africa,7.1,0.173
2020,12,Africa,7.018,0.17
2020,12,Africa,7.414,0.169
2020,12,Africa,7.617,0.172
2020,12,Africa,7.509,0.171
2020,12,Africa,7.703,0.167
2020,12,Africa,7.675,0.169
2020,12,Africa,7.415,0.165
2020,12,Africa,7.509,0.157
2020,12,Africa,7.613,0.174
2020,12,Africa,7.497,0.162
2020,12,Africa,7.646,0.172
2020,12,Africa,7.656,0.171
2020,12,Africa,7.987,0.178
2020,12,Africa,7.916,0.178
2020,12,Africa,8.04,0.199
2020,12,Africa,7.716,0.185
2020,12,Africa,7.945,0.199
2020,12,Africa,8.165,0.188
2020,12,Africa,8.614,0.198
2020,12,Africa,8.418,0.191
2020,12,Africa,8.829,0.207
2020,12,Africa,9.058,0.227
2020,12,Africa,9.196,0.231
2020,12,Africa,9.434,0.234
2020,12,Africa,9.435,0.244
2020,12,Africa,9.473,0.24
2020,12,Africa,9.779,0.246
2020,12,Africa,9.682,0.231
2020,12,Africa,9.688,0.208
2020,12,Africa,9.836,0.211
2020,12,Africa,9.805,0.217
2020,12,Africa,9.937,0.223
2020,12,Africa,9.747,0.224
2020,12,Africa,9.859,0.237
2020,12,Africa,9.783,0.246
2020,12,Africa,9.808,0.245
2020,12,Africa,9.783,0.244
2020,12,Africa,9.744,0.239
2020,12,Africa,9.678,0.231
2020,12,Africa,9.679,0.233
2020,12,Africa,9.709,0.224
2020,12,Africa,9.714,0.215
2020,12,Africa,9.743,0.209
2020,12,Africa,9.771,0.209
2020,12,Africa,9.597,0.2
2020,12,Africa,9.781,0.201
2020,12,Africa,9.959,0.198
2020,12,Africa,10.159,0.209
2020,12,Africa,10.302,0.215
2020,12,Africa,10.343,0.223
2020,12,Africa,10.374,0.221
2020,12,Africa,10.625,0.236
2020,12,Africa,10.936,0.238
2020,12,Africa,11.299,0.251
2020,12,Africa,11.415,0.248
2020,12,Africa,11.765,0.252
2020,12,Africa,12.051,0.256
2020,12,Africa,12.131,0.263
2020,12,Africa,12.623,0.265
2020,12,Africa,12.807,0.265
2020,12,Africa,12.951,0.265
2020,12,Africa,12.976,0.275
2020,12,Africa,13.302,0.288
2020,12,Africa,13.53,0.288
2020,12,Africa,14.09,0.3
2020,12,Africa,14.298,0.31
2020,12,Africa,14.775,0.36
2020,12,Africa,15.454,0.376
2020,12,Africa,16.126,0.379
2020,12,Africa,16.138,0.376
2020,12,Africa,16.164,0.386
2020,12,Africa,15.999,0.398
2020,12,Africa,16.014,0.417
2020,12,Africa,16.518,0.405
2020,12,Africa,16.803,0.42
2020,12,Africa,17.007,0.434
2021,12,Africa,17.164,0.444
2021,12,Africa,17.509,0.462
2021,12,Africa,18.193,0.476
2021,12,Africa,18.892,0.487
2021,12,Africa,19.433,0.53
2021,12,Africa,20.02,0.529
2021,12,Africa,20.924,0.555
2021,12,Africa,22.191,0.57
2021,12,Africa,23.194,0.568
2021,12,Africa,23.841,0.568
2021,12,Africa,23.761,0.595
2021,12,Africa,23.581,0.606
2021,12,Africa,23.457,0.644
2021,12,Africa,22.949,0.643
2021,12,Africa,22.165,0.644
2021,12,Africa,21.644,0.644
2021,12,Africa,21.063,0.649
2021,12,Africa,20.794,0.662
2021,12,Africa,20.199,0.631
2021,12,Africa,19.544,0.628
2021,12,Africa,18.964,0.635
2021,12,Africa,18.946,0.648
2021,12,Africa,18.276,0.653
2021,12,Africa,17.674,0.658
2021,12,Africa,17.167,0.638
2021,12,Africa,16.39,0.652
2021,12,Africa,15.644,0.649
2021,12,Africa,14.939,0.636
2021,12,Africa,13.951,0.618
2021,12,Africa,13.492,0.605
2021,12,Africa,13.082,0.578
2021,12,Africa,12.688,0.564
2021,12,Africa,12.127,0.529
2021,12,Africa,11.678,0.484
2021,12,Africa,11.338,0.453
2021,12,Africa,10.867,0.446
2021,12,Africa,10.469,0.429
2021,12,Africa,10.33,0.422
2021,12,Africa,9.963,0.403
2021,12,Africa,9.72,0.385
2021,12,Africa,9.247,0.377
2021,12,Africa,9.035,0.379
2021,12,Africa,8.785,0.359
2021,12,Africa,8.626,0.352
2021,12,Africa,8.469,0.355
2021,12,Africa,8.334,0.33
2021,12,Africa,8.234,0.316
2021,12,Africa,8.456,0.318
2021,12,Africa,8.158,0.299
2021,12,Africa,8.014,0.293
2021,12,Africa,7.92,0.298
2021,12,Africa,7.834,0.284
2021,12,Africa,7.601,0.284
2021,12,Africa,7.426,0.276
2021,12,Africa,7.251,0.26
2021,12,Africa,7.255,0.253
2021,12,Africa,7.077,0.258
2021,12,Africa,7.067,0.247
2021,12,Africa,7.043,0.244
2021,12,Africa,7.022,0.233
2021,12,Africa,7.062,0.228
2021,12,Africa,7.084,0.225
2021,12,Africa,6.819,0.216
2021,12,Africa,7.04,0.208
2021,12,Africa,6.942,0.209
2021,12,Africa,6.994,0.215
2021,12,Africa,7.021,0.208
2021,12,Africa,6.975,0.21
2021,12,Africa,7.249,0.209
2021,12,Africa,7.388,0.21
2021,12,Africa,7.427,0.213
2021,12,Africa,7.436,0.215
2021,12,Africa,7.356,0.208
2021,12,Africa,7.485,0.209
2021,12,Africa,7.543,0.207
2021,12,Africa,7.136,0.201
2021,12,Africa,7.422,0.234
2021,12,Africa,7.309,0.223
2021,12,Africa,7.369,0.221
2021,12,Africa,7.493,0.216
2021,12,Africa,7.447,0.217
2021,12,Africa,7.43,0.222
2021,12,Africa,7.562,0.235
2021,12,Africa,8.166,0.214
2021,12,Africa,8.203,0.214
2021,12,Africa,8.18,0.209
2021,12,Africa,8.183,0.214
2021,12,Africa,8.307,0.21
2021,12,Africa,8.502,0.203
2021,12,Africa,9.511,0.205
2021,12,Africa,8.954,0.195
2021,12,Africa,8.871,0.193
2021,12,Africa,8.938,0.202
2021,12,Africa,8.884,0.193
2021,12,Africa,8.866,0.189
2021,12,Africa,8.757,0.19
2021,12,Africa,8.189,0.184
2021,12,Africa,8.136,0.186
2021,12,Africa,8.231,0.192
2021,12,Africa,8.251,0.193
2021,12,Africa,8.353,0.196
2021,12,Africa,8.37,0.214
2021,12,Africa,8.606,0.225
2021,12,Africa,8.172,0.221
2021,12,Africa,8.119,0.225
2021,12,Africa,8.498,0.231
2021,12,Africa,8.458,0.228
2021,12,Africa,8.305,0.232
2021,12,Africa,8.342,0.232
2021,12,Africa,8.128,0.226
2021,12,Africa,8.11,0.225
2021,12,Africa,8.111,0.233
2021,12,Africa,7.777,0.228
2021,12,Africa,7.789,0.232
2021,12,Africa,7.592,0.232
2021,12,Africa,7.559,0.227
2021,12,Africa,7.312,0.23
2021,12,Africa,7.638,0.24
2021,12,Africa,7.365,0.227
2021,12,Africa,7.138,0.232
2021,12,Africa,6.802,0.225
2021,12,Africa,6.807,0.221
2021,12,Africa,6.544,0.218
2021,12,Africa,6.557,0.218
2021,12,Africa,6.316,0.217
2021,12,Africa,6.308,0.221
2021,12,Africa,6.144,0.215
2021,12,Africa,6.508,0.218
2021,12,Africa,6.516,0.228
2021,12,Africa,6.516,0.226
2021,12,Africa,6.454,0.222
2021,12,Africa,5.972,0.206
2021,12,Africa,5.847,0.202
2021,12,Africa,5.909,0.203
2021,12,Africa,5.642,0.199
2021,12,Africa,5.677,0.19
2021,12,Africa,6.031,0.19
2021,12,Africa,6.151,0.195
2021,12,Africa,6.45,0.21
2021,12,Africa,6.657,0.223
2021,12,Africa,6.969,0.219
2021,12,Africa,7.072,0.217
2021,12,Africa,7.193,0.219
2021,12,Africa,6.689,0.215
2021,12,Africa,7.107,0.21
2021,12,Africa,7.126,0.201
2021,12,Africa,7.363,0.194
2021,12,Africa,7.559,0.198
2021,12,Africa,7.333,0.198
2021,12,Africa,7.82,0.204
2021,12,Africa,8.267,0.208
2021,12,Africa,8.227,0.209
2021,12,Africa,8.554,0.205
2021,12,Africa,8.813,0.203
2021,12,Africa,8.9,0.203
2021,12,Africa,9.604,0.208
2021,12,Africa,9.418,0.203
2021,12,Africa,9.717,0.212
2021,12,Africa,10.206,0.218
2021,12,Africa,10.925,0.224
2021,12,Africa,11.441,0.235
2021,12,Africa,12.288,0.243
2021,12,Africa,12.724,0.245
2021,12,Africa,13.162,0.251
2021,12,Africa,13.875,0.258
2021,12,Africa,14.685,0.263
2021,12,Africa,15.26,0.27
2021,12,Africa,15.698,0.271
2021,12,Africa,15.998,0.28
2021,12,Africa,16.632,0.291
2021,12,Africa,17.482,0.307
2021,12,Africa,17.784,0.324
2021,12,Africa,18.469,0.333
2021,12,Africa,19.174,0.35
2021,12,Africa,20.316,0.364
2021,12,Africa,21.447,0.372
2021,12,Africa,21.915,0.379
2021,12,Africa,22.032,0.383
2021,12,Africa,22.617,0.372
2021,12,Africa,23.233,0.4
2021,12,Africa,24.154,0.426
2021,12,Africa,24.994,0.442
2021,12,Africa,25.916,0.441
2021,12,Africa,26.356,0.46
2021,12,Africa,26.706,0.562
2021,12,Africa,27.589,0.595
2021,12,Africa,28.174,0.598
2021,12,Africa,28.631,0.61
2021,12,Africa,28.99,0.63
2021,12,Africa,29.197,0.651
2021,12,Africa,29.583,0.649
2021,12,Africa,30.23,0.557
2021,12,Africa,30.397,0.583
2021,12,Africa,30.374,0.609
2021,12,Africa,30.509,0.608
2021,12,Africa,29.967,0.622
2021,12,Africa,29.3,0.63
2021,12,Africa,29.358,0.637
2021,12,Africa,28.914,0.647
2021,12,Africa,28.403,0.643
2021,12,Africa,27.279,0.629
2021,12,Africa,26.241,0.639
2021,12,Africa,25.229,0.617
2021,12,Africa,24.868,0.649
2021,12,Africa,24.558,0.671
2021,12,Africa,24.929,0.689
2021,12,Africa,24.708,0.669
2021,12,Africa,26.291,0.678
2021,12,Africa,27.228,0.709
2021,12,Africa,28.409,0.709
2021,12,Africa,28.475,0.688
2021,12,Africa,28.598,0.691
2021,12,Africa,28.636,0.689
2021,12,Africa,28.767,0.704
2021,12,Africa,28.409,0.717
2021,12,Africa,28.427,0.676
2021,12,Africa,28.32,0.699
2021,12,Africa,28.331,0.69
2021,12,Africa,28.315,0.669
2021,12,Africa,28.212,0.663
2021,12,Africa,28.4,0.624
2021,12,Africa,27.3,0.622
2021,12,Africa,27.147,0.647
2021,12,Africa,26.989,0.655
2021,12,Africa,26.736,0.648
2021,12,Africa,26.237,0.648
2021,12,Africa,25.806,0.645
2021,12,Africa,25.574,0.689
2021,12,Africa,26.547,0.679
2021,12,Africa,25.818,0.639
2021,12,Africa,25.472,0.597
2021,12,Africa,25.196,0.589
2021,12,Africa,25.043,0.582
2021,12,Africa,27.045,0.575
2021,12,Africa,26.787,0.55
2021,12,Africa,25.968,0.548
2021,12,Africa,25.889,0.558
2021,12,Africa,25.563,0.564
2021,12,Africa,25.36,0.578
2021,12,Africa,24.695,0.581
2021,12,Africa,21.905,0.576
2021,12,Africa,21.167,0.572
2021,12,Africa,20.617,0.535
2021,12,Africa,19.563,0.534
2021,12,Africa,18.742,0.519
2021,12,Africa,17.911,0.493
2021,12,Africa,17.578,0.462
2021,12,Africa,17.097,0.448
2021,12,Africa,16.713,0.431
2021,12,Africa,15.967,0.417
2021,12,Africa,15.27,0.388
2021,12,Africa,14.621,0.388
2021,12,Africa,14.018,0.375
2021,12,Africa,13.488,0.376
2021,12,Africa,13.024,0.365
2021,12,Africa,13.666,0.364
2021,12,Africa,13.01,0.357
2021,12,Africa,12.971,0.359
2021,12,Africa,12.571,0.341
2021,12,Africa,12.156,0.341
2021,12,Africa,11.773,0.327
2021,12,Africa,11.622,0.314
2021,12,Africa,10.198,0.293
2021,12,Africa,10.063,0.298
2021,12,Africa,11.904,0.286
2021,12,Africa,11.491,0.297
2021,12,Africa,11.328,0.287
2021,12,Africa,10.975,0.285
2021,12,Africa,10.763,0.299
2021,12,Africa,10.481,0.297
2021,12,Africa,10.481,0.282
2021,12,Africa,7.831,0.283
2021,12,Africa,8.38,0.349
2021,12,Africa,8.01,0.341
2021,12,Africa,7.951,0.342
2021,12,Africa,7.54,0.316
2021,12,Africa,7.563,0.31
2021,12,Africa,7.184,0.307
2021,12,Africa,6.609,0.292
2021,12,Africa,5.44,0.201
2021,12,Africa,5.277,0.198
2021,12,Africa,5.198,0.197
2021,12,Africa,5.238,0.197
2021,12,Africa,4.886,0.19
2021,12,Africa,4.606,0.185
2021,12,Africa,4.43,0.171
2021,12,Africa,4.42,0.162
2021,12,Africa,4.407,0.167
2021,12,Africa,4.332,0.164
2021,12,Africa,4.487,0.159
2021,12,Africa,4.533,0.157
2021,12,Africa,4.002,0.155
2021,12,Africa,3.933,0.161
2021,12,Africa,3.79,0.156
2021,12,Africa,3.722,0.153
2021,12,Africa,3.651,0.148
2021,12,Africa,3.64,0.151
2021,12,Africa,3.535,0.149
2021,12,Africa,3.85,0.153
2021,12,Africa,3.87,0.147
2021,12,Africa,3.897,0.145
2021,12,Africa,3.858,0.138
2021,12,Africa,3.94,0.136
2021,12,Africa,3.73,0.132
2021,12,Africa,3.71,0.129
2021,12,Africa,3.5,0.12
2021,12,Africa,3.407,0.119
2021,12,Africa,4.021,0.126
2021,12,Africa,4.101,0.131
2021,12,Africa,4.087,0.131
2021,12,Africa,4.159,0.131
2021,12,Africa,4.252,0.129
2021,12,Africa,4.605,0.133
2021,12,Africa,4.696,0.132
2021,12,Africa,4.081,0.125
2021,12,Africa,4.051,0.122
2021,12,Africa,3.949,0.116
2021,12,Africa,3.975,0.122
2021,12,Africa,3.936,0.124
2021,12,Africa,3.513,0.118
2021,12,Africa,3.425,0.116
2021,12,Africa,3.418,0.112
2021,12,Africa,3.406,0.111
2021,12,Africa,3.538,0.116
2021,12,Africa,3.396,0.109
2021,12,Africa,3.363,0.109
2021,12,Africa,3.459,0.11
2021,12,Africa,3.546,0.119
2021,12,Africa,3.64,0.118
2021,12,Africa,3.802,0.118
2021,12,Africa,3.94,0.112
2021,12,Africa,4.194,0.121
2021,12,Africa,4.519,0.115
2021,12,Africa,5.293,0.119
2021,12,Africa,6.34,0.107
2021,12,Africa,7.994,0.11
2021,12,Africa,9.541,0.108
2021,12,Africa,10.473,0.109
2021,12,Africa,11.562,0.106
2021,12,Africa,12.807,0.105
2021,12,Africa,14.934,0.101
2021,12,Africa,16.652,0.099
2021,12,Africa,17.22,0.096
2021,12,Africa,18.526,0.102
2021,12,Africa,21.734,0.105
2021,12,Africa,21.726,0.095
2021,12,Africa,23.684,0.103
2021,12,Africa,25.064,0.103
2021,12,Africa,26.298,0.103
2021,12,Africa,27.803,0.105
2021,12,Africa,27.305,0.104
2021,12,Africa,25.61,0.102
2021,12,Africa,27.419,0.121
2021,12,Africa,27.061,0.118
2021,12,Africa,27.471,0.126
2021,12,Africa,28.681,0.131
2021,12,Africa,29.486,0.136
2021,12,Africa,30.827,0.139
2021,12,Africa,30.26,0.145
2021,12,Africa,30.062,0.14
2021,12,Africa,30.799,0.143
2021,12,Africa,30.591,0.143
2021,12,Africa,31.067,0.155
2021,12,Africa,31.404,0.16
2021,12,Africa,31.349,0.162
2021,12,Africa,31.287,0.162
2022,12,Africa,30.761,0.162
2022,12,Africa,32.369,0.183
2022,12,Africa,33.024,0.189
2022,12,Africa,32.725,0.181
2022,12,Africa,32.299,0.192
2022,12,Africa,32.489,0.205
2022,12,Africa,33.077,0.217
2022,12,Africa,33.506,0.222
2022,12,Africa,31.465,0.214
2022,12,Africa,29.868,0.23
2022,12,Africa,28.72,0.242
2022,12,Africa,27.87,0.239
2022,12,Africa,27.308,0.246
2022,12,Africa,26.135,0.246
2022,12,Africa,25.986,0.256
2022,12,Africa,24.788,0.255
2022,12,Africa,24.304,0.234
2022,12,Africa,24.59,0.251
2022,12,Africa,24.292,0.255
2022,12,Africa,24.717,0.254
2022,12,Africa,24.62,0.257
2022,12,Africa,24.279,0.287
2022,12,Africa,27.308,0.281
2022,12,Africa,27.129,0.292
2022,12,Africa,25.896,0.279
2022,12,Africa,24.974,0.276
2022,12,Africa,24.132,0.278
2022,12,Africa,24.122,0.275
2022,12,Africa,24.38,0.237
2022,12,Africa,21.357,0.255
2022,12,Africa,19.916,0.263
2022,12,Africa,19.329,0.268
2022,12,Africa,18.186,0.251
2022,12,Africa,17.09,0.263
2022,12,Africa,17.111,0.26
2022,12,Africa,15.645,0.274
2022,12,Africa,14.642,0.289
2022,12,Africa,14.827,0.305
2022,12,Africa,13.701,0.303
2022,12,Africa,13.778,0.322
2022,12,Africa,12.892,0.311
2022,12,Africa,12.366,0.3
2022,12,Africa,12.215,0.299
2022,12,Africa,11.855,0.272
2022,12,Africa,11.512,0.247
2022,12,Africa,11.154,0.269
2022,12,Africa,10.991,0.287
2022,12,Africa,10.519,0.29
2022,12,Africa,10.905,0.301
2022,12,Africa,10.63,0.294
2022,12,Africa,10.537,0.282
2022,12,Africa,10.065,0.276
2022,12,Africa,9.519,0.229
2022,12,Africa,9.035,0.198
2022,12,Africa,8.97,0.169
2022,12,Africa,8.27,0.166
2022,12,Africa,7.909,0.155
2022,12,Africa,7.322,0.142
2022,12,Africa,6.609,0.127
2022,12,Africa,5.96,0.122
2022,12,Africa,5.415,0.107
2022,12,Africa,5.242,0.101
2022,12,Africa,4.712,0.086
2022,12,Africa,4.31,0.171
2022,12,Africa,5.201,0.171
2022,12,Africa,5.04,0.168
2022,12,Africa,6.177,0.166
2022,12,Africa,6.025,0.165
2022,12,Africa,6.412,0.158
2022,12,Africa,6.315,0.158
2022,12,Africa,6.142,0.048
2022,12,Africa,4.792,0.042
2022,12,Africa,4.671,0.038
2022,12,Africa,3.159,0.036
2022,12,Africa,3.839,0.03
2022,12,Africa,3.086,0.034
2022,12,Africa,2.971,0.03
2022,12,Africa,3.497,0.038
2022,12,Africa,3.801,0.047
2022,12,Africa,3.482,0.046
2022,12,Africa,4.883,0.045
